"","marker","cluster","p_value","FC","adj_pvalue"
"1","FJComp-PE-Cy7-A",2,"0","2.86133089999053",0
"2","FJComp-FITC-A",6,"0","2.76200531898056",0
"3","FJComp-PerCP-Cy5-5-A",6,"0","3.05334939042463",0
"4","FJComp-PE-A",7,"3.38765188361923e-231","2.75501784846178",6.740735890875e-231
"5","FJComp-PE-Cy5-A",7,"0","3.11476348650703",0
"6","FJComp-V450-A",10,"0","3.39621265405767",0
